Summary - Bulk Import Failure Notes,external_identifier,external_source,internal_comment,date_available,end_date,location_radius,last_name,first_name,phone_number,email,location_zip,profession,industry,talent_price_category,clearance_level,clearance_agency,clearance_status,clearance_investigation
,,Ironworkers,Service:  Army National Guard,12/10/2025,12/10/2026,100,Arnell,Payton,971-266-7400,prarnell@gmail.com,97007,Structural Iron and Steel Workers,23 Construction,A,,,,
,,Ironworkers & IBEW 9,Service:  Army,12/10/2025,12/10/2026,100,zelaya,christian,213-220-0117,chrisazelaya@gmail.com,90002,Structural Iron and Steel Workers,23 Construction,A,,,,
,,Ironworkers,Service:  Army,12/10/2025,12/10/2026,100,DeKarski,Andrew,339-933-0644,a.l.dekarski@gmail.com,34491,Structural Iron and Steel Workers,23 Construction,A,,,,
,,Ironworkers,Service:  Army,12/10/2025,12/10/2026,100,Kittrell,Troy,417-230-6009,troykitt1@gmail.com,72761,Structural Iron and Steel Workers,23 Construction,A,,,,
,,Ironworkers,Service:  Army,12/10/2025,12/10/2026,100,Harden,Brandon,901-447-5767,brandonharden89@icloud.com,38011,Structural Iron and Steel Workers,23 Construction,A,,,,
,,Ironworkers,Service:  Marine Corps,12/10/2025,12/10/2026,100,Rosales,Cesar,631-201-9376,cesarorosales@gmail.com,11804,Structural Iron and Steel Workers,23 Construction,A,,,,
,,Ironworkers,Service:  Army,12/10/2025,12/10/2026,100,Blackwood,Mitchell,302-531-8217,mitchellblackwood@yahoo.com,70611,Structural Iron and Steel Workers,23 Construction,A,,,,
,,Ironworkers,Service:  Marine Corps,12/10/2025,12/10/2026,100,Petersen,Kyle,203-581-2407,noxsoul6@aol.com,06615,Structural Iron and Steel Workers,23 Construction,A,,,,
,,Ironworkers,Service:  Marine Corps,12/10/2025,12/10/2026,100,Lacy,Dakota,607-968-4499,dlacy8888@gmail.com,14420,Structural Iron and Steel Workers,23 Construction,A,,,,
,,Ironworkers,Service:  Army Reserve,12/10/2025,12/10/2026,100,Engle ,Tyler ,618-402-4079,sparkystattoos@gmail.com,65203,Structural Iron and Steel Workers,23 Construction,A,,,,
,,Ironworkers,Service:  Marine Corps,12/10/2025,12/10/2026,100,Fell,Ryan,724-456-7584,ryanfell29@gmail.com,16125,Structural Iron and Steel Workers,23 Construction,A,,,,
,,Ironworkers,Service:  Army,12/10/2025,12/10/2026,100,Herold,Robert,574-721-1456,rhero1225@gmail.com,64701,Structural Iron and Steel Workers,23 Construction,A,,,,
,,Ironworkers,Service:  Army,12/10/2025,12/10/2026,100,Hammonds,Chadd,210-660-0585,hammonds.chadd@gmail.com,75137,Structural Iron and Steel Workers,23 Construction,A,,,,
,,Ironworkers,Service:  Army Reserve,12/10/2025,12/10/2026,100,Diesing,Ashley,352-942-9098,ashley.diesing90@gmail.com,34608,Structural Iron and Steel Workers,23 Construction,A,,,,
,,Ironworkers,Service:  Army,12/10/2025,12/10/2026,100,Ford,Brien,805-236-6030,ghost.ocho@yahoo.com,93010,Structural Iron and Steel Workers,23 Construction,A,,,,
,,Ironworkers,Service:  Air Force,12/10/2025,12/10/2026,100,Hadding,derrick,231-519-1402,derrickhadding@hotmail.com,48640,Structural Iron and Steel Workers,23 Construction,A,,,,
,,Ironworkers,Service:  Navy,12/10/2025,12/10/2026,100,Keuter,Cole,562-277-2074,keuterc@yahoo.com,92084,Structural Iron and Steel Workers,23 Construction,A,,,,
,,Ironworkers,Service:  Navy,12/10/2025,12/10/2026,100,Lopez,Ricardo,602-577-3975,rico.lpz28@gmail.com,85031,Structural Iron and Steel Workers,23 Construction,A,,,,
,,Ironworkers,Service:  Army Reserve,12/10/2025,12/10/2026,100,Hopkins,Craig,508-232-1130,craighopkinsjr4@gmail.com,02780,Structural Iron and Steel Workers,23 Construction,A,,,,
,,Ironworkers,Service:  Air Force,12/10/2025,12/10/2026,100,Adler,Spencer ,732-963-7759,sadler1616@gmail.com,17025,Structural Iron and Steel Workers,23 Construction,A,,,,
,,Ironworkers,Service:  Army Reserve,12/10/2025,12/10/2026,100,Cole,Cameron,682-460-2224,cameroncole183@gmail.com,75052,Structural Iron and Steel Workers,23 Construction,A,,,,
,,Ironworkers,Service:  Air Force,12/10/2025,12/10/2026,100,Breshears,Tyler,870-834-9879,breshears_tyler@yahoo.com,71111,Structural Iron and Steel Workers,23 Construction,A,,,,
,,Ironworkers,Service:  Army National Guard,12/10/2025,12/10/2026,100,Kim,John,347-440-3751,johnk2197@gmail.com,13084,Structural Iron and Steel Workers,23 Construction,A,,,,
,,Ironworkers,Service:  Marine Corps,12/10/2025,12/10/2026,100,Cruz,Christian,404-922-8100,christiancruzz2002@gmail.com,76155,Structural Iron and Steel Workers,23 Construction,A,,,,
,,Ironworkers,Service:  Army,12/10/2025,12/10/2026,100,Goliday,Isaac,218-410-6350,alexis.goliday@gmail.com,55763,Structural Iron and Steel Workers,23 Construction,A,,,,
,,Ironworkers,Service:  Army National Guard,12/10/2025,12/10/2026,100,Willman,Hayden,317-697-0835,hwillman007@gmail.com,46112,Structural Iron and Steel Workers,23 Construction,A,,,,
,,Ironworkers,Service:  Marine Corps,12/10/2025,12/10/2026,100,Torres,Brandon,929-387-1958,brandon.atorres1995@gmail.com,10016,Structural Iron and Steel Workers,23 Construction,A,,,,
,,Ironworkers,Service:  Marine Corps,12/10/2025,12/10/2026,100,Briseno,Harrison,708-696-3688,harrbriseno@icloud.com,46350,Structural Iron and Steel Workers,23 Construction,A,,,,
,,Ironworkers,Service:  Navy Reserve,12/10/2025,12/10/2026,100,Hernandez,Saul,734-309-0299,swdhernandes@gmail.com,48146,Structural Iron and Steel Workers,23 Construction,A,,,,
,,Ironworkers,Service:  Marine Corps,12/10/2025,12/10/2026,100,Brundick,William,704-984-3768,sterling.brundickusmc@gmail.com,28540,Structural Iron and Steel Workers,23 Construction,A,,,,
,,Ironworkers,Service:  Army Reserve,12/10/2025,12/10/2026,100,Herrera,Adair,812-603-6477,adairh321@gmail.com,47201,Structural Iron and Steel Workers,23 Construction,A,,,,
,,Ironworkers & IBEW 9,Service:  Army,12/10/2025,12/10/2026,100,Spurlock,Brett,423-791-8354,brett941999@gmail.com,98433,Structural Iron and Steel Workers,23 Construction,A,,,,
,,Ironworkers,Service:  Army,12/10/2025,12/10/2026,100,Guilfoil,Connor,860-910-9484,connor.gilly88@gmail.com,06385,Structural Iron and Steel Workers,23 Construction,A,,,,
,,Ironworkers,Service:  Navy,12/10/2025,12/10/2026,100,Knotts,Richard,301-573-8895,rknotts85@icloud.com,20705,Structural Iron and Steel Workers,23 Construction,A,,,,
,,Ironworkers,Service:  Marine Corps,12/10/2025,12/10/2026,100,Zimmerlee,Tommy,951-264-1785,tommy.j.zimmerlee@gmail.com,37874,Structural Iron and Steel Workers,23 Construction,A,,,,
,,Ironworkers,Service:  Marine Corps,12/10/2025,12/10/2026,100,Donaldson,Antonio,562-850-6783,donaldsonantonio58@gmail.com,90680,Structural Iron and Steel Workers,23 Construction,A,,,,
,,Ironworkers,Service:  Navy,12/10/2025,12/10/2026,100,Gaither,Paul,206-889-3329,paulgaither497@gmail.com,10310,Structural Iron and Steel Workers,23 Construction,A,,,,
,,Ironworkers,Service:  Army,12/10/2025,12/10/2026,100,Herrera,Richard ,928-546-9691,devanherrerajr91599@gmail.com,85234,Structural Iron and Steel Workers,23 Construction,A,,,,
,,Ironworkers & IBEW 4,Service:  Army Reserve,12/10/2025,12/10/2026,100,Varvel,Jacob,740-919-1634,jacobvarvel74@gmail.com,43062,Structural Iron and Steel Workers,23 Construction,A,,,,
,,Ironworkers & IBEW 9,Service:  Navy,12/10/2025,12/10/2026,100,Kuhlman,Jayden,559-505-3921,jaydenckuhlman@icloud.com,93610,Structural Iron and Steel Workers,23 Construction,A,,,,
,,Ironworkers,Service:  Army,12/10/2025,12/10/2026,100,Capuria ,Joseph ,228-669-6833,jcapuria@yahoo.com,39574,Structural Iron and Steel Workers,23 Construction,A,,,,
,,Ironworkers,Service:  Marine Corps,12/10/2025,12/10/2026,100,Smart,Bobby,334-313-2988,smartjarhead@yahoo.com,35957,Structural Iron and Steel Workers,23 Construction,A,,,,
,,Ironworkers & IBEW 9,Service:  Army,12/10/2025,12/10/2026,100,Bean,Joshua,607-422-1311,beanjosh0804@gmail.com,92110,Structural Iron and Steel Workers,23 Construction,A,,,,
,,Ironworkers,Service:  Air Force,12/10/2025,12/10/2026,100,Tidwell,Anthony,763-283-9709,anthony.tidwell1@gmail.com,62225,Structural Iron and Steel Workers,23 Construction,A,,,,
,,Ironworkers,Service:  Army,12/10/2025,12/10/2026,100,Hemphill,Aspen,828-803-1496,aspenhemphill0@gmail.com,28673,Structural Iron and Steel Workers,23 Construction,A,,,,
,,Ironworkers,Service:  Army,12/10/2025,12/10/2026,100,Zelaya,Walter,713-922-5811,walter.u.zelaya@gmail.com,77546,Structural Iron and Steel Workers,23 Construction,A,,,,
,,Ironworkers,Service:  Marine Corps,12/10/2025,12/10/2026,100,Christensen,Maxwell,518-775-7352,maxwelljchristensen@gmail.com,13452,Structural Iron and Steel Workers,23 Construction,A,,,,
,,Ironworkers,Service:  Army National Guard,12/10/2025,12/10/2026,100,Pereira,Ricardo,806-396-6163,pereirari33@gmail.com,79084,Structural Iron and Steel Workers,23 Construction,A,,,,
,,Ironworkers & IBEW 9,Service:  Marine Corps,12/10/2025,12/10/2026,100,Setzer-Scott,Christopher ,530-370-4665,csetzerscott@gmail.com,95966,Structural Iron and Steel Workers,23 Construction,A,,,,
,,Ironworkers & IBEW 9,Service:  Army Reserve,12/10/2025,12/10/2026,100,Boyles,Patrick,541-797-4118,patrickjboyles12@gmail.com,97703,Structural Iron and Steel Workers,23 Construction,A,,,,
,,Ironworkers,Service:  Army National Guard,12/10/2025,12/10/2026,100,Dunn,Parker,651-448-6726,dunnp06@icloud.com,55066,Structural Iron and Steel Workers,23 Construction,A,,,,
,,Ironworkers,Service:  Army,12/10/2025,12/10/2026,100,Roberts,Tyler,609-500-7561,tyler.b.roberts2719@gmail.com,66062,Structural Iron and Steel Workers,23 Construction,A,,,,
,,Ironworkers,Service:  Air Force,12/10/2025,12/10/2026,100,O'Brien,Connor ,815-534-0810,cj.ob@outlook.com,60451,Structural Iron and Steel Workers,23 Construction,A,,,,
,,Ironworkers,Service:  Marine Corps,12/10/2025,12/10/2026,100,Norris,Kenneth,832-599-0488,kennethnorris22@icloud.com,77372,Structural Iron and Steel Workers,23 Construction,A,,,,
,,Ironworkers,Service:  Army National Guard,12/10/2025,12/10/2026,100,Kokenzie,Zackary,706-566-2743,zkokenzie1589@gmail.com,31909,Structural Iron and Steel Workers,23 Construction,A,,,,
,,Ironworkers,Service:  Army,12/10/2025,12/10/2026,100,Nguyen,Nhan,513-328-8316,nhan.m.nguyen3@gmail.com,45011,Structural Iron and Steel Workers,23 Construction,A,,,,
,,Ironworkers,Service:  Army,12/10/2025,12/10/2026,100,Spooner,Michael,520-331-8830,michael.spooner04@gmail.com,85641,Structural Iron and Steel Workers,23 Construction,A,,,,
,,Ironworkers,Service:  Army,12/10/2025,12/10/2026,100,Powers,Curtis,916-591-4360,curtisjpowers21@gmail.com,95660,Structural Iron and Steel Workers,23 Construction,A,,,,
,,Ironworkers & IBEW 9,Service:  Marine Corps,12/10/2025,12/10/2026,100,Murillo,Angel,818-928-9495,murilloangel253@gmail.com,91605,Structural Iron and Steel Workers,23 Construction,A,,,,
,,Ironworkers,Service:  Army,12/10/2025,12/10/2026,100,Morales,Jimmy,719-354-3630,alexandermorales93@yahoo.com,29206,Structural Iron and Steel Workers,23 Construction,A,,,,
,,Ironworkers,Service:  Army National Guard,12/10/2025,12/10/2026,100,Edwards,Zyon,618-250-3494,xyonedno.1@gmail.com,62226,Structural Iron and Steel Workers,23 Construction,A,,,,
,,Ironworkers & IBEW 9,Service:  Army,12/10/2025,12/10/2026,100,Thieman,FrancesAnn,859-588-2534,buoys-balk.6l@icloud.com,99712,Structural Iron and Steel Workers,23 Construction,A,,,,
,,Ironworkers,Service:  Army,12/10/2025,12/10/2026,100,striker,Liam,219-246-9765,liam.striker711@gmail.com,76542,Structural Iron and Steel Workers,23 Construction,A,,,,
,,Ironworkers,Service:  Army National Guard,12/10/2025,12/10/2026,100,Gould ,Joshua,717-608-7470,joshuagould7th@gmail.com,17103,Structural Iron and Steel Workers,23 Construction,A,,,,
,,Ironworkers & IBEW 4,Service:  Marine Corps,12/10/2025,12/10/2026,100,Yocom ,Broden ,303-990-4260,brodenyocom23@gmail.com,20016,Structural Iron and Steel Workers,23 Construction,A,,,,
,,Ironworkers,Service:  Marine Corps,12/10/2025,12/10/2026,100,Mazanet,Lucas,262-818-4964,lucasmazanet@gmail.com,53142,Structural Iron and Steel Workers,23 Construction,A,,,,
,,Ironworkers,Service:  Army,12/10/2025,12/10/2026,100,LaBerge,Jordan ,763-447-1880,jordanlaberge69@gmail.com,55349,Structural Iron and Steel Workers,23 Construction,A,,,,
,,Ironworkers,Service:  Army National Guard,12/10/2025,12/10/2026,100,Benitez,Cristobal,201-423-4659,chris_bentz@live.com,07305,Structural Iron and Steel Workers,23 Construction,A,,,,
,,Ironworkers,Service:  Army,12/10/2025,12/10/2026,100,Kahl,Philip,734-795-5179,philipkahl@yahoo.com,48134,Structural Iron and Steel Workers,23 Construction,A,,,,
,,Ironworkers,Service:  Marine Corps,12/10/2025,12/10/2026,100,Tanner,Davion,702-504-1965,daviontanner@icloud.com,89110,Structural Iron and Steel Workers,23 Construction,A,,,,
,,IBEW 8,Service:  Marine Corps,12/10/2025,12/10/2026,100,Danek,Benjamin,720-995-4470,bendanek@gmail.com,80109,Electricians,23 Construction,A,,,,
,,IBEW 8,Service:  Army Reserve,12/10/2025,12/10/2026,100,Dautenhahn ,Zach,661-666-8265,zach_d91@yahoo.com,80920,Electricians,23 Construction,A,,,,
,,IBEW 8,Service:  Army,12/10/2025,12/10/2026,100,Bennett,Steven,719-232-2471,bennettsteven164@yahoo.com,80911,Electricians,23 Construction,A,,,,
,,IBEW 8 & IBEW 9,Service:  Army,12/10/2025,12/10/2026,100,McAuliffe,Dalton,858-285-0760,dalton.j.mcauliffe97@gmail.com,83642,Electricians,23 Construction,A,,,,
,,IBEW 8,Service:  Army,12/10/2025,12/10/2026,100,COFFEY,RILEY,307-454-1417,riley.coffey@gmail.com,59102,Electricians,23 Construction,A,,,,
,,IBEW 8 & IBEW 9,Service:  Army National Guard,12/10/2025,12/10/2026,100,Smith,Michael ,986-290-1002,michaelsmith11b@gmail.com,83709,Electricians,23 Construction,A,,,,
,,IBEW 8,Service:  Army National Guard,12/10/2025,12/10/2026,100,Lunceford,Bryton,435-590-2099,rottenjr1@gmail.com,84045,Electricians,23 Construction,A,,,,
,,IBEW 8,Service:  Navy,12/10/2025,12/10/2026,100,Ahalt ,Zach,443-783-2760,zahalt@yahoo.com,80916,Electricians,23 Construction,A,,,,
,,IBEW 8,Service:  Army,12/10/2025,12/10/2026,100,Kolasinski,Justin,903-355-9252,justinkolasinski5@gmail.com,80917,Electricians,23 Construction,A,,,,
,,IBEW 8,Service:  Air Force,12/10/2025,12/10/2026,100,Cabey,Nicholas,719-606-9088,niqcabey@gmail.com,80923,Electricians,23 Construction,A,,,,
,,IBEW 8,Service:  Air Force,12/10/2025,12/10/2026,100,Zornes,Jeremy,720-244-1142,aodhanzornes@yahoo.com,80640,Electricians,23 Construction,A,,,,
,,IBEW 8,Service:  Air Force,12/10/2025,12/10/2026,100,Moloney,Michael,314-974-5043,mikemoloney78@gmail.com,80914,Electricians,23 Construction,A,,,,
,,IBEW 8,Service:  Air Force,12/10/2025,12/10/2026,100,Irey,Luc,661-742-8802,lucpirey5150@hotmail.com,80922,Electricians,23 Construction,A,,,,
,,IBEW 8,Service:  Army,12/10/2025,12/10/2026,100,Stolz,Geordan,719-568-7731,geordanstolz@gmail.com,80918,Electricians,23 Construction,A,,,,
,,IBEW 8,Service:  Army,12/10/2025,12/10/2026,100,Cendejas,Huber,747-256-0395,hcendejas2@gmail.com,80911,Electricians,23 Construction,A,,,,
,,IBEW 8,Service:  Air Force,12/10/2025,12/10/2026,100,Williams ,Colter,228-293-0624,willicol25@gmail.com,59405,Electricians,23 Construction,A,,,,
,,IBEW 4,Service:  Marine Corps,12/10/2025,12/10/2026,100,Deering,Christopher,859-321-4241,deeringcd@yahoo.com,40475,Electricians,23 Construction,A,,,,
,,IBEW 4,Service:  Army,12/10/2025,12/10/2026,100,HUNTER,LUKE,567-204-7998,hunterluke546@gmail.com,45801,Electricians,23 Construction,A,,,,
,,IBEW 4,Service:  Navy,12/10/2025,12/10/2026,100,Cannon,Jeremy,860-575-8399,jeremy.cannon418@gmail.com,23320,Electricians,23 Construction,A,,,,
,,IBEW 4,Service:  Army,12/10/2025,12/10/2026,100,Fouch,Zachary,715-944-6461,zachary.fouch12@gmail.com,43832,Electricians,23 Construction,A,,,,
,,IBEW 4,Service:  Army Reserve,12/10/2025,12/10/2026,100,Ebey,Cayleb,757-876-5698,cayleb.ebey@gmail.com,23462,Electricians,23 Construction,A,,,,
,,IBEW 4,Service:  Army,12/10/2025,12/10/2026,100,Stegall,Cohl,434-238-4881,stegallcohl6@gmail.com,24502,Electricians,23 Construction,A,,,,
,,IBEW 4,Service:  Army National Guard,12/10/2025,12/10/2026,100,TAYLOR,RYAN,440-539-7797,ryan.taylor200@gmail.com,44221,Electricians,23 Construction,A,,,,
,,IBEW 4,Service:  Army,12/10/2025,12/10/2026,100,Bradley,Marc,567-284-0407,bradley5689@gmail.com,44864,Electricians,23 Construction,A,,,,
,,IBEW 4,Service:  Marine Corps,12/10/2025,12/10/2026,100,Velazquez Olamendi,Jesus,276-252-5463,jesusvelazquez132@gmail.com,24112,Electricians,23 Construction,A,,,,
,,IBEW 4,Service:  Navy,12/10/2025,12/10/2026,100,Melendez,Mory,301-968-5671,morymelendez6@gmail.com,20723,Electricians,23 Construction,A,,,,
,,IBEW 4,Service:  Army,12/10/2025,12/10/2026,100,Gatchell,Nathan,571-486-7116,wopernathan@gmail.com,20181,Electricians,23 Construction,A,,,,
,,IBEW 4,Service:  Marine Corps,12/10/2025,12/10/2026,100,Doernbach,William,240-687-0534,whdoernbach@gmail.com,20601,Electricians,23 Construction,A,,,,
,,IBEW 4,Service:  Air National Guard,12/10/2025,12/10/2026,100,Bailey,Marcus,419-460-3026,marcus20615@icloud.com,43551,Electricians,23 Construction,A,,,,
,,IBEW 4,Service:  Marine Corps,12/10/2025,12/10/2026,100,Wells,Ricky,606-615-3761,ricky.wells85@yahoo.com,41144,Electricians,23 Construction,A,,,,
,,IBEW 4,Service:  Navy,12/10/2025,12/10/2026,100,Hamilton,Tommy,270-839-9068,tommy.hamilton4487@yahoo.com,42211,Electricians,23 Construction,A,,,,
,,IBEW 4,Service:  Marine Corps,12/10/2025,12/10/2026,100,DeJesus,Ricardo,407-508-7405,rdejesus0623@gmail.com,23454,Electricians,23 Construction,A,,,,
,,IBEW 4,Service:  Navy,12/10/2025,12/10/2026,100,Mascho,Melissa,757-470-1644,mascho24@gmail.com,23663,Electricians,23 Construction,A,,,,
,,IBEW 4,Service:  Army,12/10/2025,12/10/2026,100,Hall,Patrick,443-365-8178,patrickhallworkemail@gmail.com,21776,Electricians,23 Construction,A,,,,
,,IBEW 4,Service:  Marine Corps,12/10/2025,12/10/2026,100,Howard,David,234-419-6606,davidmh3381@icloud.com,44260,Electricians,23 Construction,A,,,,
,,IBEW 4,Service:  Air Force Reserve,12/10/2025,12/10/2026,100,Breisch,Matt,937-570-0182,mbreisch2251@gmail.com,45356,Electricians,23 Construction,A,,,,
,,IBEW 4,Service:  Marine Corps,12/10/2025,12/10/2026,100,Barnes,Hunter,859-553-3172,hunterbarnes66@gmail.com,40444,Electricians,23 Construction,A,,,,
,,IBEW 4,Service:  Navy,12/10/2025,12/10/2026,100,Aguilar,Sergio,904-305-4981,sergio.o.aguilar01@gmail.com,23437,Electricians,23 Construction,A,,,,
,,IBEW 4,Service:  Army,12/10/2025,12/10/2026,100,Quinonez,Christopher,915-433-1430,chrisq723@gmail.com,20024,Electricians,23 Construction,A,,,,
,,IBEW 4,Service:  Army,12/10/2025,12/10/2026,100,Ward,Andre,718-593-5584,mid90s@hotmail.com,21229,Electricians,23 Construction,A,,,,
,,IBEW 4,Service:  Army,12/10/2025,12/10/2026,100,Davis,Joshua,276-275-5112,joshua.s.davis24@outlook.com,24228,Electricians,23 Construction,A,,,,
,,IBEW 4,Service:  Marine Corps,12/10/2025,12/10/2026,100,Ferree ,Zachary ,812-406-5151,zachary.ferree00@gmail.com,40067,Electricians,23 Construction,A,,,,
,,IBEW 4,Service:  Marine Corps,12/10/2025,12/10/2026,100,Newstead,Alan,231-313-7236,newstead.alan@gmail.com,20755,Electricians,23 Construction,A,,,,
,,IBEW 4,Service:  Navy,12/10/2025,12/10/2026,100,Pastrana,Anthony,949-304-8411,anthonypastrana662@gmal.com,22427,Electricians,23 Construction,A,,,,
,,IBEW 4,Service:  Marine Corps,12/10/2025,12/10/2026,100,Ewing,Jase,740-395-1408,ewingjase05202001@gmail.com,43082,Electricians,23 Construction,A,,,,
,,IBEW 4,Service:  Marine Corps,12/10/2025,12/10/2026,100,Ploskonka,Anthony,216-956-5811,aploskonka@icloud.com,44094,Electricians,23 Construction,A,,,,
,,IBEW 4,Service:  Navy,12/10/2025,12/10/2026,100,Threadgill,Austin,813-435-8262,austinthreadgill@gmail.com,22079,Electricians,23 Construction,A,,,,
,,IBEW 9,Service:  Air Force,12/10/2025,12/10/2026,100,Coyle,Edward,775-354-5929,edwardcoyle0@gmail.com,89509,Electricians,23 Construction,A,,,,
,,IBEW 9,Service:  Marine Corps,12/10/2025,12/10/2026,100,Pannell ,Donald ,512-744-7426,donpannell92@icloud.com,92259,Electricians,23 Construction,A,,,,
,,IBEW 9,Service:  Army National Guard,12/10/2025,12/10/2026,100,HERNANDEZ,GILBERT,661-479-6256,ghu1322@icloud.com,93241,Electricians,23 Construction,A,,,,
,,IBEW 9,Service:  Coast Guard,12/10/2025,12/10/2026,100,Rankin,Charles,907-512-9077,born2bast@gmail.com,99615,Electricians,23 Construction,A,,,,
,,IBEW 9,Service:  Navy,12/10/2025,12/10/2026,100,Blakely,Derrick,757-759-8694,blake7elgrande@gmail.com,92126,Electricians,23 Construction,A,,,,
,,IBEW 9,Service:  Navy,12/10/2025,12/10/2026,100,Gross,Justin,661-433-7870,justingross1995@yahoo.com,92011,Electricians,23 Construction,A,,,,
,,IBEW 9,Service:  Army National Guard,12/10/2025,12/10/2026,100,Villanueva,Edward,530-517-1489,ebreezy0201@gmail.com,96963,Electricians,23 Construction,A,,,,
,,IBEW 9,Service:  Marine Corps,12/10/2025,12/10/2026,100,Corzo,Steven,562-762-2195,steven.corzo.la@gmail.com,90022,Electricians,23 Construction,A,,,,
,,IBEW 9,Service:  Coast Guard Reserve,12/10/2025,12/10/2026,100,Morrissey,Dan,503-936-7503,dan.moc7@gmail.com,97132,Electricians,23 Construction,A,,,,
,,IBEW 9,Service:  Navy,12/10/2025,12/10/2026,100,Jackson,Chris,816-261-9376,cjacksonga2@gmail.com,93036,Electricians,23 Construction,A,,,,
,,IBEW 9,Service:  Army,12/10/2025,12/10/2026,100,Santana,Arturo,559-728-8806,artsnt24@gmail.com,92544,Electricians,23 Construction,A,,,,
,,IBEW 9,Service:  Army,12/10/2025,12/10/2026,100,Todd,sean,907-370-2525,sean.todd42@gmail.com,99709,Electricians,23 Construction,A,,,,
,,IBEW 9,Service:  Marine Corps,12/10/2025,12/10/2026,100,Verstraete,William,949-501-6590,waverstraete@outlook.com,93312,Electricians,23 Construction,A,,,,
,,IBEW 9,Service:  Navy,12/10/2025,12/10/2026,100,Troise,Ryan,914-521-0904,ryan.troise.rt.96@gmail.com,92109,Electricians,23 Construction,A,,,,
,,IBEW 9,Service:  Navy,12/10/2025,12/10/2026,100,Gamez,Christian,818-314-9504,gamezchris65@gmail.com,92109,Electricians,23 Construction,A,,,,
,,IBEW 9,Service:  Marine Corps,12/10/2025,12/10/2026,100,Almanza,Alfredo,661-770-6022,almanzaalfredo2002@gmail.com,93268,Electricians,23 Construction,A,,,,
,,IBEW 9,Service:  Army,12/10/2025,12/10/2026,100,Reynaga,Ruben,559-913-0046,rreynagaluck@gmail.com,93277,Electricians,23 Construction,A,,,,
,,IBEW 9,Service:  Marine Corps,12/10/2025,12/10/2026,100,Arias,Dillon,510-460-2922,dillonarias5225@icloud.com,94572,Electricians,23 Construction,A,,,,
,,IBEW 9,Service:  Army,12/10/2025,12/10/2026,100,Hernandez ,Said ,408-590-9150,hernandez82said@gmail.com,95110,Electricians,23 Construction,A,,,,
,,IBEW 9,Service:  Navy,12/10/2025,12/10/2026,100,Farrell,Kevin,785-418-5306,farrellk0312@gmail.com,92110,Electricians,23 Construction,A,,,,
,,IBEW 9,Service:  Army,12/10/2025,12/10/2026,100,Guffy,Edward ,206-979-1338,edward.guffy@yahoo.com,98385,Electricians,23 Construction,A,,,,
,,IBEW 9,Service:  Marine Corps,12/10/2025,12/10/2026,100,Williams,Cole,559-644-5600,colewilliams9102@gmail.com,92145,Electricians,23 Construction,A,,,,
,,IBEW 9,Service:  Navy,12/10/2025,12/10/2026,100,Sturgill,Jacob,360-918-6003,jacobsturgill6@gmail.com,98354,Electricians,23 Construction,A,,,,
,,IBEW 9,Service:  Marine Corps,12/10/2025,12/10/2026,100,Luna,Jacob,559-993-5383,jacobluna952@gmail.com,93277,Electricians,23 Construction,A,,,,
,,IBEW 9,Service:  Navy,12/10/2025,12/10/2026,100,Valentinsoto ,Bryan ,508-801-2881,bv21568@gmail.com,98277,Electricians,23 Construction,A,,,,
,,IBEW 9,Service:  Marine Corps,12/10/2025,12/10/2026,100,Letterman,Tyler,760-953-9713,tletterman72@gmail.com,92505,Electricians,23 Construction,A,,,,
,,IBEW 9,Service:  Air Force,12/10/2025,12/10/2026,100,Parsons,Samuel,352-284-5947,sparsons8910@gmail.com,89149,Electricians,23 Construction,A,,,,
,,IBEW 9,Service:  Army,12/10/2025,12/10/2026,100,Puentes,Robert,626-416-7790,sirrobbie626@gmail.com,92570,Electricians,23 Construction,A,,,,
,,IBEW 9,Service:  Navy,12/10/2025,12/10/2026,100,DAVID,DARREN,757-761-1663,hm3david@gmail.com,92104,Electricians,23 Construction,A,,,,
,,IBEW 9,Service:  Army,12/10/2025,12/10/2026,100,Hess,William,989-292-2285,hesswill10@gmail.com,99506,Electricians,23 Construction,A,,,,
,,IBEW 9,Service:  Army National Guard,12/10/2025,12/10/2026,100,Jessen,Isaac,509-309-6286,isaac.pete.jessen@gmail.com,99223,Electricians,23 Construction,A,,,,
,,IBEW 9,Service:  Marine Corps Reserve,12/10/2025,12/10/2026,100,Ponsiano ,Jose,661-610-5476,joseponsiano321@gmail.com,93309,Electricians,23 Construction,A,,,,
,,IBEW 9,Service:  Navy,12/10/2025,12/10/2026,100,Garay,Idy,916-549-1621,cachud21@gmail.com,95991,Electricians,23 Construction,A,,,,
,,IBEW 9,Service:  Air Force,12/10/2025,12/10/2026,100,krueger,caleb,907-306-5919,calebmckrueger@gmail.com,99611,Electricians,23 Construction,A,,,,
,,IBEW 9,Service:  Navy,12/10/2025,12/10/2026,100,Nonaka,Yashua,818-968-4818,yashway27@gmail.com,92507,Electricians,23 Construction,A,,,,
,,IBEW 9,Service:  Army National Guard,12/10/2025,12/10/2026,100,Palmer,Trevor,360-239-2496,palmer.trevor@outlook.com,98597,Electricians,23 Construction,A,,,,
,,IBEW 9,Service:  Air National Guard,12/10/2025,12/10/2026,100,Bonslett,Charles,916-740-0290,chasebonslett916@gmail.com,95648,Electricians,23 Construction,A,,,,
,,IBEW 9,Service:  Army National Guard,12/10/2025,12/10/2026,100,Lacy,Conor,360-682-8584,weaponizedcj@gmail.com,98277,Electricians,23 Construction,A,,,,
,,IBEW 9,Service:  Army National Guard,12/10/2025,12/10/2026,100,Martinez,Emmanuel ,323-420-3854,manny_nakmuay91@yahoo.com,91030,Electricians,23 Construction,A,,,,
,,IBEW 9,Service:  Army Reserve,12/10/2025,12/10/2026,100,Moon,Brenner ,805-994-8516,brennermilmail@gmail.com,93001,Electricians,23 Construction,A,,,,
,,IBEW 9,Service:  Coast Guard,12/10/2025,12/10/2026,100,Cabrero,Abram,909-343-8720,abramcabrero@gmail.com,97006,Electricians,23 Construction,A,,,,
,,IBEW 9,Service:  Army National Guard,12/10/2025,12/10/2026,100,Vosika,Jack,509-774-7457,jackvosika3@gmail.com,98672,Electricians,23 Construction,A,,,,
,,IBEW 9,Service:  Marine Corps,12/10/2025,12/10/2026,100,Ramos,Christan ,559-718-5641,christan.ramos.22@gmail.com,92377,Electricians,23 Construction,A,,,,
,,IBEW 9,Service:  Army,12/10/2025,12/10/2026,100,Wells,Chip,269-845-5091,chipw20@gmail.com,99577,Electricians,23 Construction,A,,,,
,,IBEW 9,Service:  Army National Guard,12/10/2025,12/10/2026,100,RODRIGUEZ,Andrew,909-561-5068,arod06224@gmail.com,92376,Electricians,23 Construction,A,,,,
,,IBEW 9,Service:  Army National Guard,12/10/2025,12/10/2026,100,Watson,Kyle,415-596-5270,kylecwatson1@gmail.com,95670,Electricians,23 Construction,A,,,,
,,IBEW 9,Service:  Army National Guard,12/10/2025,12/10/2026,100,Yanez,Juan,559-801-5934,juanangelyanez05@gmail.com,93727,Electricians,23 Construction,A,,,,
,,IBEW 9,Service:  Navy,12/10/2025,12/10/2026,100,Carter,Rosemary,206-724-9423,rosemarye.carter@gmail.com,98056,Electricians,23 Construction,A,,,,
,,IBEW 9,Service:  Marine Corps,12/10/2025,12/10/2026,100,Gase,Dylan ,209-275-7517,dylangase02@gmail.com,92058,Electricians,23 Construction,A,,,,
,,IBEW 9,Service:  Army Reserve,12/10/2025,12/10/2026,100,Grechev,Artyom,916-390-9798,artyom.grechev@yahoo.com,95628,Electricians,23 Construction,A,,,,
,,IBEW 9,Service:  Army,12/10/2025,12/10/2026,100,Higgins,Andrew,209-628-1701,higginsandrew72@gmail.com,95222,Electricians,23 Construction,A,,,,
,,IBEW 9,Service:  Navy,12/10/2025,12/10/2026,100,Barrios,Oscar,562-587-9729,whsoscarbarrios@gmail.com,90602,Electricians,23 Construction,A,,,,
,,IBEW 9,Service:  Air National Guard,12/10/2025,12/10/2026,100,Maximo,Brett,808-551-8125,brettmaximo@gmail.com,89084,Electricians,23 Construction,A,,,,
,,IBEW 9,Service:  Coast Guard,12/10/2025,12/10/2026,100,Goepp,Christopher,510-421-4891,cegoepp@gmail.com,94551,Electricians,23 Construction,A,,,,
,,IBEW 9,Service:  Marine Corps,12/10/2025,12/10/2026,100,Amick,Joshua ,619-394-3274,jo35.amick@gmail.com,95422,Electricians,23 Construction,A,,,,
,,IBEW 9,Service:  Air National Guard,12/10/2025,12/10/2026,100,Evans,Jeff,253-677-3808,jeffrey.evans.9@us.af.mil,98406,Electricians,23 Construction,A,,,,
,,IBEW 9,Service:  Navy,12/10/2025,12/10/2026,100,Perez,Abraham,818-447-0253,perezabraham1993@yahoo.com,92105,Electricians,23 Construction,A,,,,
,,IBEW 9,Service:  Navy,12/10/2025,12/10/2026,100,Calderon,Seth,719-271-6789,sethmcald13@gmail.com,93230,Electricians,23 Construction,A,,,,
,,IBEW 9,Service:  Army,12/10/2025,12/10/2026,100,Morris,Alex,603-425-3498,amorris9591@hotmail.com,99505,Electricians,23 Construction,A,,,,
,,IBEW 9,Service:  Army,12/10/2025,12/10/2026,100,Milanowski,Mathew,916-468-2783,mathewmilanowski@gmail.com,95673,Electricians,23 Construction,A,,,,
,,IBEW 9,Service:  Army National Guard,12/10/2025,12/10/2026,100,Cervantes,Cristobal,323-617-2823,cristobalcervantes1991@gmail.com,92394,Electricians,23 Construction,A,,,,
,,IBEW 9,Service:  Navy Reserve,12/10/2025,12/10/2026,100,Cobos ,Draven,909-414-7921,cobosdraven@gmail.com,91786,Electricians,23 Construction,A,,,,
,,IBEW 9,Service:  Marine Corps,12/10/2025,12/10/2026,100,RAMIREZ,JONATHAN,8108098541427,ramirez02jonathan@gmail.com,95838,Electricians,23 Construction,A,,,,
,,IBEW 9,Service:  Marine Corps,12/10/2025,12/10/2026,100,sphoon,todd,503-302-2736,sphoontr@gmail.com,97392,Electricians,23 Construction,A,,,,
,,IBEW 9,Service:  Air Force,12/10/2025,12/10/2026,100,Trigueros,Carlos,415-596-6491,carlostrigueros00@gmail.com,94014,Electricians,23 Construction,A,,,,
,,IBEW 9,Service:  Army,12/10/2025,12/10/2026,100,Vargas,Marco,661-667-5668,marco.vargas1945@gmail.com,93215,Electricians,23 Construction,A,,,,
,,IBEW 9,Service:  Navy,12/10/2025,12/10/2026,100,Larkin,Earnest,417-258-0701,elarkin009@gmail.com,92036,Electricians,23 Construction,A,,,,
,,IBEW 9,Service:  Navy,12/10/2025,12/10/2026,100,Bell,Caden,559-905-2560,cbell1852@gmail.com,93619,Electricians,23 Construction,A,,,,
,,IBEW 9,Service:  Navy,12/10/2025,12/10/2026,100,Horn,Davion ,951-224-7392,hornda090301@yahoo.com,92354,Electricians,23 Construction,A,,,,
,,IBEW 9,Service:  Army National Guard,12/10/2025,12/10/2026,100,Anderson,Jordan,360-628-3064,jordanranderson05@gmail.com,98513,Electricians,23 Construction,A,,,,
,,IBEW 9,Service:  Air Force,12/10/2025,12/10/2026,100,Holm,Derek,406-253-6725,derekh0288@yahoo.com,98671,Electricians,23 Construction,A,,,,
,,IBEW 9,Service:  Army,12/10/2025,12/10/2026,100,Gruber,Nicholas,917-686-4100,nicholasgruber@icloud.com,94501,Electricians,23 Construction,A,,,,
,,IBEW 9,Service:  Marine Corps,12/10/2025,12/10/2026,100,Mariscal,Osvaldo,909-437-9302,ozzymariscal24@gmail.com,92509,Electricians,23 Construction,A,,,,
,,IBEW 9,Service:  Army National Guard,12/10/2025,12/10/2026,100,Bates,Matthew,425-551-8044,m.bates9@icloud.com,98223,Electricians,23 Construction,A,,,,
